{
    "swagger": "2.0",
    "info": {
        "description": "This is a sample service for managing orders",
        "title": "Orders API",
        "termsOfService": "http://swagger.io/terms/",
        "contact": {
            "name": "API Support",
            "email": "soberkoder@swagger.io"
        },
        "license": {
            "name": "Apache 2.0",
            "url": "http://www.apache.org/licenses/LICENSE-2.0.html"
        },
        "version": "1.0"
    },
    "host": "localhost:8080",
    "basePath": "/",
    "paths": {
        "/orders": {
            "get": {
                "description": "Get details of all orders",
                "consumes": [
                    "application/json"
                ],
                "produces": [
                    "application/json"
                ],
                "tags": [
                    "orders"
                ],
                "summary": "Get details of all orders",
                "responses": {
                    "200": {
                        "description": "OK",
                        "schema": {
                            "type": "array",
                            "items": {
                                "$ref": "#/definitions/main.Order"
                            }
                        }
                    }
                }
            },
            "post": {
                "description": "Create a new order with the input paylod",
                "consumes": [
                    "application/json"
                ],
                "produces": [
                    "application/json"
                ],
                "tags": [
                    "orders"
                ],
                "summary": "Create a new order",
                "parameters": [
                    {
                        "description": "Create order",
                        "name": "order",
                        "in": "body",
                        "required": true,
                        "schema": {
                            "$ref": "#/definitions/main.Order"
                        }
                    }
                ],
                "responses": {
                    "200": {
                        "description": "OK",
                        "schema": {
                            "$ref": "#/definitions/main.Order"
                        }
                    }
                }
            }
        },
        "/orders/{orderId}": {
            "get": {
                "description": "Get details of order corresponding to the input orderId",
                "consumes": [
                    "application/json"
                ],
                "produces": [
                    "application/json"
                ],
                "tags": [
                    "orders"
                ],
                "summary": "Get details for a given orderId",
                "parameters": [
                    {
                        "type": "integer",
                        "description": "ID of the order",
                        "name": "orderId",
                        "in": "path",
                        "required": true
                    }
                ],
                "responses": {
                    "200": {
                        "description": "OK",
                        "schema": {
                            "$ref": "#/definitions/main.Order"
                        }
                    }
                }
            },
            "post": {
                "description": "Update the order corresponding to the input orderId",
                "consumes": [
                    "application/json"
                ],
                "produces": [
                    "application/json"
                ],
                "tags": [
                    "orders"
                ],
                "summary": "Update order identified by the given orderId",
                "parameters": [
                    {
                        "type": "integer",
                        "description": "ID of the order to be updated",
                        "name": "orderId",
                        "in": "path",
                        "required": true
                    }
                ],
                "responses": {
                    "200": {
                        "description": "OK",
                        "schema": {
                            "$ref": "#/definitions/main.Order"
                        }
                    }
                }
            },
            "delete": {
                "description": "Delete the order corresponding to the input orderId",
                "consumes": [
                    "application/json"
                ],
                "produces": [
                    "application/json"
                ],
                "tags": [
                    "orders"
                ],
                "summary": "Delete order identified by the given orderId",
                "parameters": [
                    {
                        "type": "integer",
                        "description": "ID of the order to be deleted",
                        "name": "orderId",
                        "in": "path",
                        "required": true
                    }
                ],
                "responses": {
                    "204": {
                        "description": "No Content"
                    }
                }
            }
        }
    },
    "definitions": {
        "main.Item": {
            "type": "object",
            "properties": {
                "description": {
                    "type": "string",
                    "example": "A random description"
                },
                "itemId": {
                    "type": "string",
                    "example": "A1B2C3"
                },
                "quantity": {
                    "type": "integer",
                    "example": 1
                }
            }
        },
        "main.Order": {
            "type": "object",
            "properties": {
                "customerName": {
                    "type": "string",
                    "example": "Leo Messi"
                },
                "items": {
                    "type": "array",
                    "items": {
                        "$ref": "#/definitions/main.Item"
                    }
                },
                "orderId": {
                    "type": "string",
                    "example": "1"
                },
                "orderedAt": {
                    "type": "string",
                    "example": "2019-11-09T21:21:46+00:00"
                }
            }
        }
    }
}